,artist,related
0,King Krule,Connan Mockasin
1,King Krule,Archy Marshall
2,King Krule,Part Time
3,King Krule,Ariel Pink
4,King Krule,Mount Kimbie
5,King Krule,Blood Orange
6,King Krule,HOMESHAKE
7,King Krule,John Maus
8,King Krule,Shabazz Palaces
9,King Krule,Toro y Moi
10,King Krule,Deerhunter
11,King Krule,Cosmo Pyke
12,King Krule,Yves Tumor
13,King Krule,DIIV
14,King Krule,Vegyn
15,King Krule,Melody's Echo Chamber
16,King Krule,Oneohtrix Point Never
17,King Krule,Alex G
18,King Krule,Unknown Mortal Orchestra
19,King Krule,Puma Blue
20,The Strokes,"Albert Hammond, Jr."
21,The Strokes,Julian Casablancas
22,The Strokes,Franz Ferdinand
23,The Strokes,The Last Shadow Puppets
24,The Strokes,Interpol
25,The Strokes,The Libertines
26,The Strokes,The Hives
27,The Strokes,MGMT
28,The Strokes,The Fratellis
29,The Strokes,Kasabian
30,The Strokes,The Raconteurs
31,The Strokes,Bloc Party
32,The Strokes,Alex Turner
33,The Strokes,The Vines
34,The Strokes,The Kooks
35,The Strokes,Arcade Fire
36,The Strokes,Cage The Elephant
37,The Strokes,The Vaccines
38,The Strokes,Phoenix
39,The Strokes,Yeah Yeah Yeahs
40,Puma Blue,infinite bisous
41,Puma Blue,TheSecondSex
42,Puma Blue,Jerkcurb
43,Puma Blue,Jasper Bones
44,Puma Blue,Strawberry Guy
45,Puma Blue,TEMPOREX
46,Puma Blue,Jakob Ogawa
47,Puma Blue,Black Pool
48,Puma Blue,Satchy
49,Puma Blue,HOMESHAKE
50,Puma Blue,Sunset Rollercoaster
51,Puma Blue,Gus Dapperton
52,Puma Blue,Feng Suave
53,Puma Blue,RICEWINE
54,Puma Blue,Brad stank
55,Puma Blue,Crumb
56,Puma Blue,Loving
57,Puma Blue,Brahny
58,Puma Blue,Banes World
59,Puma Blue,Yung Heazy
60,Radiohead,Thom Yorke
61,Radiohead,Blur
62,Radiohead,Pixies
63,Radiohead,Interpol
64,Radiohead,Portishead
65,Radiohead,The Flaming Lips
66,Radiohead,Pulp
67,Radiohead,Arcade Fire
68,Radiohead,Jeff Buckley
69,Radiohead,Sonic Youth
70,Radiohead,The Verve
71,Radiohead,Supergrass
72,Radiohead,Placebo
73,Radiohead,Deerhunter
74,Radiohead,Doves
75,Radiohead,Pavement
76,Radiohead,Grizzly Bear
77,Radiohead,PJ Harvey
78,Radiohead,The Smashing Pumpkins
79,Radiohead,Slowdive
80,Mac DeMarco,King Krule
81,Mac DeMarco,Beach Fossils
82,Mac DeMarco,Unknown Mortal Orchestra
83,Mac DeMarco,TV Girl
84,Mac DeMarco,Foxygen
85,Mac DeMarco,The Growlers
86,Mac DeMarco,HOMESHAKE
87,Mac DeMarco,Pond
88,Mac DeMarco,Ariel Pink
89,Mac DeMarco,Yellow Days
90,Mac DeMarco,Melody's Echo Chamber
91,Mac DeMarco,Surf Curse
92,Mac DeMarco,Real Estate
93,Mac DeMarco,Cosmo Pyke
94,Mac DeMarco,Mild High Club
95,Mac DeMarco,Connan Mockasin
96,Mac DeMarco,Part Time
97,Mac DeMarco,Current Joys
98,Mac DeMarco,Crumb
99,Mac DeMarco,Beach House
100,Tame Impala,Mild High Club
101,Tame Impala,Pond
102,Tame Impala,Unknown Mortal Orchestra
103,Tame Impala,Khruangbin
104,Tame Impala,Crumb
105,Tame Impala,Mac DeMarco
106,Tame Impala,HOMESHAKE
107,Tame Impala,King Gizzard & The Lizard Wizard
108,Tame Impala,MGMT
109,Tame Impala,Beach Fossils
110,Tame Impala,Beach House
111,Tame Impala,King Krule
112,Tame Impala,Melody's Echo Chamber
113,Tame Impala,Toro y Moi
114,Tame Impala,Temples
115,Tame Impala,Alvvays
116,Tame Impala,The Growlers
117,Tame Impala,Babe Rainbow
118,Tame Impala,Ariel Pink
119,Tame Impala,Yellow Days
120,Rezz,No Mana
121,Rezz,i_o
122,Rezz,BlackGummy
123,Rezz,Virtual Self
124,Rezz,1788-L
125,Rezz,INZO
126,Rezz,Champagne Drip
127,Rezz,WHIPPED CREAM
128,Rezz,Zeds Dead
129,Rezz,Liquid Stranger
130,Rezz,PEEKABOO
131,Rezz,Black Tiger Sex Machine
132,Rezz,ATTLAS
133,Rezz,Ganja White Night
134,Rezz,12th Planet
135,Rezz,LSDREAM
136,Rezz,Wooli
137,Rezz,Ghastly
138,Rezz,Space Jesus
139,Rezz,Subtronics
140,deadmau5,Wolfgang Gartner
141,deadmau5,BSOD
142,deadmau5,Kaskade
143,deadmau5,Feed Me
144,deadmau5,NERO
145,deadmau5,No Mana
146,deadmau5,Pryda
147,deadmau5,Morgan Page
148,deadmau5,Eric Prydz
149,deadmau5,Mat Zo
150,deadmau5,Dada Life
151,deadmau5,Melleefresh
152,deadmau5,Porter Robinson
153,deadmau5,Knife Party
154,deadmau5,i_o
155,deadmau5,Kill The Noise
156,deadmau5,Madeon
157,deadmau5,Flux Pavilion
158,deadmau5,ARTY
159,deadmau5,Scene of Action
160,Men I Trust,Her's
161,Men I Trust,Barrie
162,Men I Trust,Puma Blue
163,Men I Trust,MorMor
164,Men I Trust,Jay Som
165,Men I Trust,Michael Seyer
166,Men I Trust,RICEWINE
167,Men I Trust,Fazerdaze
168,Men I Trust,Banes World
169,Men I Trust,Mellow Fellow
170,Men I Trust,Mr Twin Sister
171,Men I Trust,Gus Dapperton
172,Men I Trust,Snail Mail
173,Men I Trust,Vansire
174,Men I Trust,Kevin Krauter
175,Men I Trust,Brad stank
176,Men I Trust,The Marías
177,Men I Trust,TOPS
178,Men I Trust,Sports
179,Men I Trust,Japanese Breakfast
180,No Vacation,TEMPOREX
181,No Vacation,Gus Dapperton
182,No Vacation,Jakob Ogawa
183,No Vacation,Her's
184,No Vacation,Yung Heazy
185,No Vacation,boy pablo
186,No Vacation,Banes World
187,No Vacation,The Marías
188,No Vacation,RICEWINE
189,No Vacation,Brad stank
190,No Vacation,Hot Flash Heat Wave
191,No Vacation,Vansire
192,No Vacation,FLOOR CRY
193,No Vacation,SALES
194,No Vacation,Katzù Oso
195,No Vacation,Cosmo Pyke
196,No Vacation,CASTLEBEAT
197,No Vacation,Current Joys
198,No Vacation,Yellow Days
199,No Vacation,BOYO
200,Banes World,Her's
201,Banes World,RICEWINE
202,Banes World,Yung Heazy
203,Banes World,TEMPOREX
204,Banes World,Brad stank
205,Banes World,No Vacation
206,Banes World,Vansire
207,Banes World,Michael Seyer
208,Banes World,Loving
209,Banes World,Cuco
210,Banes World,"Dream, Ivory"
211,Banes World,Jakob Ogawa
212,Banes World,SALES
213,Banes World,Gus Dapperton
214,Banes World,infinite bisous
215,Banes World,The Marías
216,Banes World,boy pablo
217,Banes World,Enjoy
218,Banes World,Yellow Days
219,Banes World,Lunar Vacation
220,Mac Ayres,Berhana
221,Mac Ayres,Jeff Bernat
222,Mac Ayres,Leven Kali
223,Mac Ayres,Bruno Major
224,Mac Ayres,Kyle Dion
225,Mac Ayres,Dijon
226,Mac Ayres,Alextbh
227,Mac Ayres,Cautious Clay
228,Mac Ayres,Omar Apollo
229,Mac Ayres,ODIE
230,Mac Ayres,RINI
231,Mac Ayres,Snoh Aalegra
232,Mac Ayres,PREP
233,Mac Ayres,bLAck pARty
234,Mac Ayres,NIKI
235,Mac Ayres,UMI
236,Mac Ayres,Raveena
237,Mac Ayres,Xavier Omär
238,Mac Ayres,Arin Ray
239,Mac Ayres,Sylo Nozra
240,The Garden,Enjoy
241,The Garden,Show Me the Body
242,The Garden,Joy Again
243,The Garden,Puzzle
244,The Garden,Cowgirl Clue
245,The Garden,Machine Girl
246,The Garden,Stevie Dinner
247,The Garden,The Buttertones
248,The Garden,The I.L.Y's
249,The Garden,Eyedress
250,The Garden,George Clanton
251,The Garden,Sweet Trip
252,The Garden,Weatherday
253,The Garden,Vundabar
254,The Garden,Slater
255,The Garden,Beach Goons
256,The Garden,together PANGEA
257,The Garden,Part Time
258,The Garden,Inner Wave
259,The Garden,The Symposium
260,The Mars Volta,Omar Rodríguez-López
261,The Mars Volta,ANTEMASQUE
262,The Mars Volta,At The Drive In
263,The Mars Volta,The Dear Hunter
264,The Mars Volta,The Fall of Troy
265,The Mars Volta,Sparta
266,The Mars Volta,The Sound Of Animals Fighting
267,The Mars Volta,Dredg
268,The Mars Volta,Coheed and Cambria
269,The Mars Volta,Team Sleep
270,The Mars Volta,The Blood Brothers
271,The Mars Volta,Minus the Bear
272,The Mars Volta,Bosnian Rainbows
273,The Mars Volta,Rx Bandits
274,The Mars Volta,Glassjaw
275,The Mars Volta,Circa Survive
276,The Mars Volta,Closure in Moscow
277,The Mars Volta,Rishloo
278,The Mars Volta,Protest The Hero
279,The Mars Volta,Between The Buried And Me
280,Skinshape,Achtung Wunst
281,Skinshape,Kognitif
282,Skinshape,Tommy Guerrero
283,Skinshape,Guts
284,Skinshape,El Michels Affair
285,Skinshape,Degiheugi
286,Skinshape,Nightmares On Wax
287,Skinshape,TM Juke
288,Skinshape,Moderator
289,Skinshape,Desmond Cheese
290,Skinshape,Romare
291,Skinshape,Lord Echo
292,Skinshape,Menahan Street Band
293,Skinshape,Cotton Jones
294,Skinshape,Cymande
295,Skinshape,Aim
296,Skinshape,The Dynamics
297,Skinshape,Mild Orange
298,Skinshape,Allah-Las
299,Skinshape,Babe Rainbow
300,Jack Stauber,Bill Wurtz
301,Jack Stauber,The Scary Jokes
302,Jack Stauber,Jack Stauber's Micropop
303,Jack Stauber,Miracle Musical
304,Jack Stauber,Ricky Montgomery
305,Jack Stauber,Wallows
306,Jack Stauber,The Honeysticks
307,Jack Stauber,Roar
308,Jack Stauber,No Vacation
309,Jack Stauber,Roy Blair
310,Jack Stauber,TEMPOREX
311,Jack Stauber,Hot Flash Heat Wave
312,Jack Stauber,SALES
313,Jack Stauber,I DONT KNOW HOW BUT THEY FOUND ME
314,Jack Stauber,Current Joys
315,Jack Stauber,bo en
316,Jack Stauber,half•alive
317,Jack Stauber,Tally Hall
318,Jack Stauber,Lemon Demon
319,Jack Stauber,Beach Bunny
320,SWMRS,The Wrecks
321,SWMRS,Waterparks
322,SWMRS,WSTR
323,SWMRS,Remo Drive
324,SWMRS,Beach Goons
325,SWMRS,The Regrettes
326,SWMRS,Spendtime Palace
327,SWMRS,FIDLAR
328,SWMRS,The Frights
329,SWMRS,Mt. Eddy
330,SWMRS,together PANGEA
331,SWMRS,Destroy Boys
332,SWMRS,Real Friends
333,SWMRS,Boston Manor
334,SWMRS,Sorority Noise
335,SWMRS,McCafferty
336,SWMRS,With Confidence
337,SWMRS,Ultra Q
338,SWMRS,Prince Daddy & the Hyena
339,SWMRS,Mom Jeans.
340,Connan Mockasin,John Maus
341,Connan Mockasin,Soft Hair
342,Connan Mockasin,Ariel Pink
343,Connan Mockasin,Part Time
344,Connan Mockasin,Drugdealer
345,Connan Mockasin,Anika
346,Connan Mockasin,Broadcast
347,Connan Mockasin,Arthur Russell
348,Connan Mockasin,Sean Nicholas Savage
349,Connan Mockasin,Jerry Paper
350,Connan Mockasin,TOPS
351,Connan Mockasin,Cass McCombs
352,Connan Mockasin,Shintaro Sakamoto
353,Connan Mockasin,Dean Blunt
354,Connan Mockasin,infinite bisous
355,Connan Mockasin,Jerkcurb
356,Connan Mockasin,Unknown Mortal Orchestra
357,Connan Mockasin,King Krule
358,Connan Mockasin,Melody's Echo Chamber
359,Connan Mockasin,Loving
360,Daft Punk,Cassius
361,Daft Punk,Justice
362,Daft Punk,Breakbot
363,Daft Punk,Kavinsky
364,Daft Punk,The Chemical Brothers
365,Daft Punk,Digitalism
366,Daft Punk,Chromeo
367,Daft Punk,Ratatat
368,Daft Punk,Hot Chip
369,Daft Punk,Vitalic
370,Daft Punk,Metronomy
371,Daft Punk,Gesaffelstein
372,Daft Punk,Empire of the Sun
373,Daft Punk,Röyksopp
374,Daft Punk,deadmau5
375,Daft Punk,Crystal Castles
376,Daft Punk,Basement Jaxx
377,Daft Punk,Fatboy Slim
378,Daft Punk,The Avalanches
379,Daft Punk,LCD Soundsystem
380,M83,Beach House
381,M83,Neon Indian
382,M83,Washed Out
383,M83,Passion Pit
384,M83,Wild Nothing
385,M83,Phantogram
386,M83,Small Black
387,M83,Sigur Rós
388,M83,Chromatics
389,M83,The Radio Dept.
390,M83,Twin Shadow
391,M83,Grizzly Bear
392,M83,Hammock
393,M83,Youth Lagoon
394,M83,The Naked And Famous
395,M83,Empire of the Sun
396,M83,Slowdive
397,M83,Miike Snow
398,M83,Phoenix
399,M83,Jon Hopkins
